Table E200-1: GDP by major expenditure component and per capita GDP at current market prices,,,,,,,,,,,,,,,,,,,,,,,,,Index
,,,,,,,,,,,,,,,,,,,,,,,,,
GDP expenditure component,,Gross Domestic Product [1],,Per capita GDP,,Domestic demand [2],,Final demand*[3],,Private consumption expenditure,,Government consumption expenditure,,Gross domestic fixed capital formation,,Changes in inventories,Exports of goods* (f.o.b.),,Exports of services*,,Imports of goods* (f.o.b.),,Imports of services*,,
Year,Quarter,HK$ million,Year-on-year % change,HK$,Year-on-year % change,HK$ million,Year-on-year % change,HK$ million,Year-on-year % change,HK$ million,Year-on-year % change,HK$ million,Year-on-year % change,HK$ million,Year-on-year % change,HK$ million,HK$ million,Year-on-year % change,HK$ million,Year-on-year % change,HK$ million,Year-on-year % change,HK$ million,Year-on-year % change,
1961,,"7,455 ",-,"2,353 ",-,"8,021 ",-,"14,212 ",-,"5,762 ",-,471 ,-,"1,733 ",-,55 ,"3,930 ",-,"2,261 ",-,"5,673 ",-,"1,084 ",-,
1962,,"8,687 ",16.5 ,"2,628 ",11.7 ,"9,409 ",17.3 ,"16,215 ",14.1 ,"6,440 ",11.8 ,498 ,5.7 ,"2,407 ",38.9 ,64 ,"4,387 ",11.6 ,"2,419 ",7.0 ,"6,332 ",11.6 ,"1,196 ",10.3 ,
1963,,"10,427 ",20.0 ,"3,048 ",16.0 ,"11,169 ",18.7 ,"18,789 ",15.9 ,"7,109 ",10.4 ,568 ,14.1 ,"3,415 ",41.9 ,77 ,"4,991 ",13.8 ,"2,629 ",8.7 ,"7,062 ",11.5 ,"1,300 ",8.7 ,
1964,,"11,888 ",14.0 ,"3,392 ",11.3 ,"12,799 ",14.6 ,"21,468 ",14.3 ,"7,845 ",10.4 ,645 ,13.6 ,"4,221 ",23.6 ,88 ,"5,784 ",15.9 ,"2,885 ",9.7 ,"8,147 ",15.4 ,"1,433 ",10.2 ,
1965,,"13,953 ",17.4 ,"3,878 ",14.3 ,"14,433 ",12.8 ,"24,036 ",12.0 ,"8,842 ",12.7 ,722 ,11.9 ,"4,766 ",12.9 ,103 ,"6,530 ",12.9 ,"3,073 ",6.5 ,"8,560 ",5.1 ,"1,523 ",6.3 ,
1966,,"14,282 ",2.4 ,"3,935 ",1.5 ,"14,787 ",2.5 ,"25,628 ",6.6 ,"10,025 ",13.4 ,814 ,12.7 ,"3,841 ",-19.4 ,107 ,"7,563 ",15.8 ,"3,278 ",6.7 ,"9,651 ",12.7 ,"1,695 ",11.3 ,
1967,,"15,475 ",8.4 ,"4,157 ",5.6 ,"14,755 ",-0.2 ,"27,232 ",6.3 ,"10,711 ",6.8 ,932 ,14.5 ,"2,997 ",-22.0 ,115 ,"8,781 ",16.1 ,"3,696 ",12.8 ,"10,002 ",3.6 ,"1,755 ",3.5 ,
1968,,"16,533 ",6.8 ,"4,348 ",4.6 ,"15,643 ",6.0 ,"30,558 ",12.2 ,"11,871 ",10.8 ,"1,025 ",10.0 ,"2,625 ",-12.4 ,122 ,"10,570 ",20.4 ,"4,345 ",17.6 ,"11,952 ",19.5 ,"2,073 ",18.1 ,
1969,,"19,437 ",17.6 ,"5,030 ",15.7 ,"17,722 ",13.3 ,"36,181 ",18.4 ,"13,421 ",13.1 ,"1,122 ",9.5 ,"3,036 ",15.7 ,143 ,"13,197 ",24.9 ,"5,262 ",21.1 ,"14,298 ",19.6 ,"2,446 ",18.0 ,
1970,,"23,106 ",18.9 ,"5,836 ",16.0 ,"21,326 ",20.3 ,"42,858 ",18.5 ,"15,304 ",14.0 ,"1,307 ",16.5 ,"4,544 ",49.7 ,171 ,"15,238 ",15.5 ,"6,294 ",19.6 ,"16,897 ",18.2 ,"2,855 ",16.7 ,
1971,,"26,681 ",15.5 ,"6,596 ",13.0 ,"25,560 ",19.9 ,"49,401 ",15.3 ,"17,663 ",15.4 ,"1,402 ",7.3 ,"6,298 ",38.6 ,197 ,"17,164 ",12.6 ,"6,677 ",6.1 ,"19,456 ",15.1 ,"3,264 ",14.3 ,
1972,,"32,213 ",20.7 ,"7,812 ",18.4 ,"29,654 ",16.0 ,"56,838 ",15.1 ,"20,404 ",15.5 ,"1,706 ",21.7 ,"7,308 ",16.0 ,236 ,"19,400 ",13.0 ,"7,784 ",16.6 ,"20,914 ",7.5 ,"3,711 ",13.7 ,
1973,,"41,327 ",28.3 ,"9,743 ",24.7 ,"38,718 ",30.6 ,"74,020 ",30.2 ,"27,116 ",32.9 ,"2,145 ",25.7 ,"9,154 ",25.3 ,303 ,"25,999 ",34.0 ,"9,303 ",19.5 ,"27,912 ",33.5 ,"4,781 ",28.8 ,
1974,,"47,240 ",14.3 ,"10,791 ",10.8 ,"44,976 ",16.2 ,"85,902 ",16.1 ,"30,800 ",13.6 ,"2,752 ",28.3 ,"10,746 ",17.4 ,678 ,"30,036 ",15.5 ,"10,890 ",17.1 ,"32,833 ",17.6 ,"5,829 ",21.9 ,
1975,,"49,589 ",5.0 ,"11,115 ",3.0 ,"46,816 ",4.1 ,"88,173 ",2.6 ,"32,464 ",5.4 ,"2,973 ",8.0 ,"10,648 ",-0.9 ,731 ,"29,832 ",-0.7 ,"11,525 ",5.8 ,"32,281 ",-1.7 ,"6,303 ",8.1 ,
1976,,"63,156 ",27.4 ,"13,979 ",25.8 ,"56,411 ",20.5 ,"112,899 ",28.0 ,"36,942 ",13.8 ,"3,439 ",15.7 ,"13,051 ",22.6 ,"2,979 ","41,557 ",39.3 ,"14,931 ",29.6 ,"41,939 ",29.9 ,"7,804 ",23.8 ,
1977,,"73,284 ",16.0 ,"15,988 ",14.4 ,"68,496 ",21.4 ,"129,587 ",14.8 ,"44,971 ",21.7 ,"4,089 ",18.9 ,"17,734 ",35.9 ,"1,702 ","44,833 ",7.9 ,"16,258 ",8.9 ,"47,060 ",12.2 ,"9,243 ",18.4 ,
1978,,"85,782 ",17.1 ,"18,379 ",15.0 ,"84,912 ",24.0 ,"158,328 ",22.2 ,"55,378 ",23.1 ,"4,889 ",19.6 ,"22,578 ",27.3 ,"2,067 ","53,908 ",20.2 ,"19,508 ",20.0 ,"61,074 ",29.8 ,"11,472 ",24.1 ,
1979,,"112,691 ",31.4 ,"22,860 ",24.4 ,"111,234 ",31.0 ,"212,241 ",34.1 ,"68,251 ",23.2 ,"6,206 ",26.9 ,"33,521 ",48.5 ,"3,256 ","75,934 ",40.9 ,"25,073 ",28.5 ,"83,437 ",36.6 ,"16,113 ",40.5 ,
1980,,"143,619 ",27.4 ,"28,366 ",24.1 ,"144,361 ",29.8 ,"271,816 ",28.1 ,"86,233 ",26.3 ,"8,072 ",30.1 ,"46,311 ",38.2 ,"3,745 ","98,365 ",29.5 ,"29,090 ",16.0 ,"107,747 ",29.1 ,"20,450 ",26.9 ,
1981,,"173,578 ",20.9 ,"33,487 ",18.1 ,"176,213 ",22.1 ,"333,359 ",22.6 ,"103,722 ",20.3 ,"11,844 ",46.7 ,"56,694 ",22.4 ,"3,953 ","121,972 ",24.0 ,"35,174 ",20.9 ,"133,557 ",24.0 ,"26,224 ",28.2 ,
1982,,"196,005 ",12.9 ,"37,231 ",11.2 ,"194,899 ",10.6 ,"361,246 ",8.4 ,"119,980 ",15.7 ,"14,190 ",19.8 ,"59,326 ",4.6 ,"1,403 ","126,499 ",3.7 ,"39,848 ",13.3 ,"136,512 ",2.2 ,"28,729 ",9.6 ,
1983,,"217,281 ",10.9 ,"40,651 ",9.2 ,"213,359 ",9.5 ,"417,749 ",15.6 ,"139,352 ",16.1 ,"16,059 ",13.2 ,"53,619 ",-9.6 ,"4,329 ","158,146 ",25.0 ,"46,244 ",16.1 ,"165,810 ",21.5 ,"34,658 ",20.6 ,
1984,,"261,992 ",20.6 ,"48,536 ",19.4 ,"241,026 ",13.0 ,"513,385 ",22.9 ,"159,288 ",14.3 ,"17,765 ",10.6 ,"58,170 ",8.5 ,"5,803 ","216,862 ",37.1 ,"55,497 ",20.0 ,"208,760 ",25.9 ,"42,633 ",23.0 ,
1985,,"278,128 ",6.2 ,"50,975 ",5.0 ,"250,206 ",3.8 ,"539,236 ",5.0 ,"170,924 ",7.3 ,"19,484 ",9.7 ,"58,329 ",0.3 ,"1,469 ","229,323 ",5.7 ,"59,707 ",7.6 ,"213,484 ",2.3 ,"47,624 ",11.7 ,
1986,,"320,525 ",15.2 ,"58,018 ",13.8 ,"291,346 ",16.4 ,"626,953 ",16.3 ,"193,870 ",13.4 ,"22,369 ",14.8 ,"68,924 ",18.2 ,"6,183 ","265,929 ",16.0 ,"69,678 ",16.7 ,"249,479 ",16.9 ,"56,949 ",19.6 ,
1987,,"394,770 ",23.2 ,"70,741 ",21.9 ,"353,660 ",21.4 ,"798,844 ",27.4 ,"225,960 ",16.6 ,"24,792 ",10.8 ,"93,162 ",35.2 ,"9,746 ","355,931 ",33.8 ,"89,253 ",28.1 ,"331,566 ",32.9 ,"72,508 ",27.3 ,
1988,,"466,076 ",18.1 ,"82,820 ",17.1 ,"424,474 ",20.0 ,"984,386 ",23.2 ,"263,832 ",16.8 ,"28,500 ",15.0 ,"118,010 ",26.7 ,"14,132 ","455,386 ",27.9 ,"104,526 ",17.1 ,"426,079 ",28.5 ,"92,231 ",27.2 ,
1989,,"536,558 ",15.1 ,"94,361 ",13.9 ,"475,053 ",11.9 ,"1,109,958 ",12.8 ,"298,779 ",13.2 ,"33,960 ",19.2 ,"138,851 ",17.7 ,"3,463 ","516,868 ",13.5 ,"118,037 ",12.9 ,"463,440 ",8.8 ,"109,960 ",19.2 ,
1990,,"599,256 ",11.7 ,"105,050 ",11.3 ,"548,092 ",15.4 ,"1,250,834 ",12.7 ,"344,302 ",15.2 ,"40,969 ",20.6 ,"157,093 ",13.1 ,"5,728 ","572,071 ",10.7 ,"130,671 ",10.7 ,"518,566 ",11.9 ,"133,012 ",21.0 ,
1991,,"691,323 ",15.4 ,"120,188 ",14.4 ,"644,316 ",17.6 ,"1,469,288 ",17.5 ,"408,921 ",18.8 ,"49,281 ",20.3 ,"182,016 ",15.9 ,"4,098 ","677,904 ",18.5 ,"147,068 ",12.5 ,"615,465 ",18.7 ,"162,500 ",22.2 ,
1992,,"807,130 ",16.8 ,"139,148 ",15.8 ,"765,158 ",18.8 ,"1,755,236 ",19.5 ,"476,197 ",17.1 ,"61,537 ",19.7 ,"219,237 ",20.4 ,"8,187 ","820,430 ",21.0 ,"169,648 ",15.4 ,"755,995 ",22.8 ,"192,111 ",18.2 ,
1993,,"931,010 ",15.3 ,"157,772 ",13.4 ,"868,202 ",13.5 ,"1,988,744 ",13.3 ,"544,898 ",14.4 ,"69,605 ",13.1 ,"251,400 ",14.7 ,"2,299 ","931,566 ",13.5 ,"188,976 ",11.4 ,"844,785 ",11.7 ,"212,949 ",10.8 ,
1994,,"1,049,610 ",12.7 ,"173,909 ",10.2 ,"1,037,464 ",19.5 ,"2,289,571 ",15.1 ,"628,944 ",15.4 ,"79,160 ",13.7 ,"308,097 ",22.6 ,"21,263 ","1,042,499 ",11.9 ,"209,608 ",10.9 ,"984,183 ",16.5 ,"255,778 ",20.1 ,
1995,,"1,119,006 ",6.6 ,"181,772 ",4.5 ,"1,169,149 ",12.7 ,"2,581,431 ",12.7 ,"695,612 ",10.6 ,"89,822 ",13.5 ,"338,059 ",9.7 ,"45,656 ","1,187,557 ",13.9 ,"224,725 ",7.2 ,"1,180,129 ",19.9 ,"282,296 ",10.4 ,
1996,,"1,235,301 ",10.4 ,"191,951 ",5.6 ,"1,253,642 ",7.2 ,"2,756,812 ",6.8 ,"760,205 ",9.3 ,"100,607 ",12.0 ,"383,068 ",13.3 ,"9,762 ","1,254,413 ",5.6 ,"248,757 ",10.7 ,"1,209,455 ",2.5 ,"312,056 ",10.5 ,
1997,,"1,373,083 ",11.2 ,"211,592 ",10.2 ,"1,419,182 ",13.2 ,"2,998,797 ",8.8 ,"839,136 ",10.4 ,"110,449 ",9.8 ,"457,284 ",19.4 ,"12,313 ","1,339,229 ",6.8 ,"240,386 ",-3.4 ,"1,295,906 ",7.1 ,"329,808 ",5.7 ,
1998,,"1,308,074 ",-4.7 ,"199,898 ",-5.5 ,"1,301,061 ",-8.3 ,"2,750,861 ",-8.3 ,"803,619 ",-4.2 ,"118,050 ",6.9 ,"395,043 ",-13.6 ,"-15,651 ","1,239,095 ",-7.5 ,"210,705 ",-12.3 ,"1,111,175 ",-14.3 ,"331,612 ",0.5 ,
1999,,"1,285,946 ",-1.7 ,"194,649 ",-2.6 ,"1,219,529 ",-6.3 ,"2,669,029 ",-3.0 ,"774,701 ",-3.6 ,"123,605 ",4.7 ,"331,835 ",-16.0 ,"-10,612 ","1,225,322 ",-1.1 ,"224,178 ",6.4 ,"1,060,016 ",-4.6 ,"323,067 ",-2.6 ,
2000,,"1,337,501 ",4.0 ,"200,675 ",3.1 ,"1,278,532 ",4.8 ,"2,964,204 ",11.1 ,"784,323 ",1.2 ,"125,294 ",1.4 ,"354,516 ",6.8 ,"14,399 ","1,439,635 ",17.5 ,"246,037 ",9.8 ,"1,280,002 ",20.8 ,"346,701 ",7.3 ,
2001,,"1,321,142 ",-1.2 ,"196,765 ",-1.9 ,"1,259,175 ",-1.5 ,"2,881,137 ",-2.8 ,"787,594 ",0.4 ,"134,806 ",7.6 ,"340,835 ",-3.9 ,"-4,060 ","1,378,804 ",-4.2 ,"243,158 ",-1.2 ,"1,216,732 ",-4.9 ,"343,263 ",-1.0 ,
2002,,"1,297,341 ",-1.8 ,"192,367 ",-2.2 ,"1,191,516 ",-5.4 ,"2,905,002 ",0.8 ,"752,801 ",-4.4 ,"137,979 ",2.4 ,"295,076 ",-13.4 ,"5,660 ","1,452,130 ",5.3 ,"261,356 ",7.5 ,"1,263,578 ",3.9 ,"344,083 ",0.2 ,
2003,,"1,256,669 ",-3.1 ,"186,704 ",-2.9 ,"1,142,346 ",-4.1 ,"3,037,101 ",4.5 ,"722,961 ",-4.0 ,"138,147 ",0.1 ,"272,127 ",-7.8 ,"9,111 ","1,631,127 ",12.3 ,"263,628 ",0.9 ,"1,442,596 ",14.2 ,"337,836 ",-1.8 ,
2004,,"1,316,949 ",4.8 ,"194,140 ",4.0 ,"1,202,233 ",5.2 ,"3,411,756 ",12.3 ,"771,443 ",6.7 ,"136,354 ",-1.3 ,"287,360 ",5.6 ,"7,076 ","1,891,906 ",16.0 ,"317,617 ",20.5 ,"1,703,214 ",18.1 ,"391,593 ",15.9 ,
2005,,"1,412,125 ",7.2 ,"207,263 ",6.8 ,"1,239,611 ",3.1 ,"3,745,468 ",9.8 ,"811,654 ",5.2 ,"130,566 ",-4.2 ,"302,152 ",5.1 ,"-4,761 ","2,137,419 ",13.0 ,"368,438 ",16.0 ,"1,895,908 ",11.3 ,"437,435 ",11.7 ,
2006,,"1,503,351 ",6.5 ,"219,240 ",5.8 ,"1,335,552 ",7.7 ,"4,119,535 ",10.0 ,"868,691 ",7.0 ,"131,837 ",1.0 ,"337,153 ",11.6 ,"-2,129 ","2,361,062 ",10.5 ,"422,921 ",14.8 ,"2,121,277 ",11.9 ,"494,907 ",13.1 ,
2007,,"1,650,756 ",9.8 ,"238,676 ",8.9 ,"1,474,532 ",10.4 ,"4,551,746 ",10.5 ,"982,368 ",13.1 ,"138,967 ",5.4 ,"340,356 ",1.0 ,"12,841 ","2,574,439 ",9.0 ,"502,775 ",18.9 ,"2,364,930 ",11.5 ,"536,060 ",8.3 ,
2008,,"1,707,487 ",3.4 ,"245,406 ",2.8 ,"1,533,775 ",4.0 ,"4,836,314 ",6.3 ,"1,026,482 ",4.5 ,"148,017 ",6.5 ,"350,796 ",3.1 ,"8,480 ","2,758,181 ",7.1 ,"544,358 ",8.3 ,"2,563,428 ",8.4 ,"565,399 ",5.5 ,
2009,,"1,659,245 ",-2.8 ,"237,960 ",-3.0 ,"1,528,620 ",-0.3 ,"4,484,317 ",-7.3 ,"1,013,615 ",-1.3 ,"152,512 ",3.0 ,"339,552 ",-3.2 ,"22,941 ","2,454,394 ",-11.0 ,"501,303 ",-7.9 ,"2,351,386 ",-8.3 ,"473,686 ",-16.2 ,
2010,,"1,776,332 ",7.1 ,"252,887 ",6.3 ,"1,671,979 ",9.4 ,"5,319,190 ",18.6 ,"1,090,234 ",7.6 ,"157,371 ",3.2 ,"386,852 ",13.9 ,"37,522 ","3,021,492 ",23.1 ,"625,719 ",24.8 ,"2,995,928 ",27.4 ,"546,930 ",15.5 ,
2011,,"1,934,430 ",8.9 ,"273,549 ",8.2 ,"1,859,952 ",11.2 ,"5,977,433 ",12.4 ,"1,224,402 ",12.3 ,"168,517 ",7.1 ,"455,294 ",17.7 ,"11,739 ","3,406,765 ",12.8 ,"710,716 ",13.6 ,"3,464,968 ",15.7 ,"578,035 ",5.7 ,
2012,,"2,037,059 ",5.3 ,"284,899 ",4.1 ,"2,014,028 ",8.3 ,"6,411,011 ",7.3 ,"1,314,969 ",7.4 ,"185,310 ",10.0 ,"517,411 ",13.6 ,"-3,662 ","3,632,957 ",6.6 ,"764,026 ",7.5 ,"3,779,686 ",9.1 ,"594,266 ",2.8 ,
2013,,"2,138,305 ",5.0 ,"297,860 ",4.5 ,"2,125,473 ",5.5 ,"6,864,172 ",7.1 ,"1,413,058 ",7.5 ,"198,572 ",7.2 ,"515,516 ",-0.4 ,"-1,673 ","3,926,059 ",8.1 ,"812,640 ",6.4 ,"4,142,651 ",9.6 ,"583,216 ",-1.9 ,
2014,,"2,260,005 ",5.7 ,"312,609 ",5.0 ,"2,255,373 ",6.1 ,"7,071,227 ",3.0 ,"1,502,768 ",6.3 ,"214,216 ",7.9 ,"530,916 ",3.0 ,"7,473 ","3,986,769 ",1.5 ,"829,085 ",2.0 ,"4,237,700 ",2.3 ,"573,522 ",-1.7 ,
2015,,"2,398,280 ",6.1 ,"328,924 ",5.2 ,"2,340,979 ",3.8 ,"7,039,152 ",-0.5 ,"1,593,091 ",6.0 ,"231,263 ",8.0 ,"537,205 ",1.2 ,"-20,580 ","3,889,225 ",-2.4 ,"808,948 ",-2.4 ,"4,066,527 ",-4.0 ,"574,345 ",0.1 ,
2016,,"2,490,598 ",3.8 ,"339,476 ",3.2 ,"2,433,737 ",4.0 ,"7,091,283 ",0.7 ,"1,650,101 ",3.6 ,"247,973 ",7.2 ,"535,216 ",-0.4 ,447 ,"3,892,886 ",0.1 ,"764,660 ",-5.5 ,"4,022,579 ",-1.1 ,"578,106 ",0.7 ,
2017,,"2,659,611 ",6.8 ,"359,737 ",6.0 ,"2,632,772 ",8.2 ,"7,656,841 ",8.0 ,"1,784,375 ",8.1 ,"261,447 ",5.4 ,"575,977 ",7.6 ,"10,973 ","4,212,774 ",8.2 ,"811,295 ",6.1 ,"4,391,306 ",9.2 ,"605,924 ",4.8 ,
2018,,"2,835,429 ",6.6 ,"380,462 ",5.8 ,"2,841,490 ",7.9 ,"8,181,723 ",6.9 ,"1,936,427 ",8.5 ,"281,420 ",7.6 ,"612,439 ",6.3 ,"11,204 ","4,453,350 ",5.7 ,"886,883 ",9.3 ,"4,706,347 ",7.2 ,"639,947 ",5.6 ,
2019,,"2,845,022 ",0.3 ,"378,937 ",-0.4 ,"2,800,665 ",-1.4 ,"7,854,884 ",-4.0 ,"1,973,720 ",1.9 ,"309,437 ",10.0 ,"520,575 ",-15.0 ,"-3,067 ","4,255,098 ",-4.5 ,"799,121 ",-9.9 ,"4,375,619 ",-7.0 ,"634,243 ",-0.9 ,
2020,,"2,675,793 ",-5.9 ,"357,679 ",-5.6 ,"2,624,170 ",-6.3 ,"7,341,713 ",-6.5 ,"1,775,202 ",-10.1 ,"341,052 ",10.2 ,"455,695 ",-12.5 ,"52,221 ","4,198,338 ",-1.3 ,"519,205 ",-35.0 ,"4,239,663 ",-3.1 ,"426,257 ",-32.8 ,
2021r,,"2,867,740 ",7.2 ,"386,848 ",8.2 ,"2,708,027 ",3.2 ,"8,559,101 ",16.6 ,"1,863,394 ",5.0 ,"363,530 ",6.6 ,"483,012 ",6.0 ,"-1,909 ","5,236,005 ",24.7 ,"615,069 ",18.5 ,"5,211,334 ",22.9 ,"480,027 ",12.6 ,
2022r,,"2,827,009 ",-1.4 ,"384,831 ",-0.5 ,"2,710,789 ",0.1 ,"8,179,415 ",-4.4 ,"1,882,407 ",1.0 ,"404,294 ",11.2 ,"452,771 ",-6.3 ,"-28,683 ","4,814,050 ",-8.1 ,"654,576 ",6.4 ,"4,859,272 ",-6.8 ,"493,134 ",2.7 ,
1973,1,"9,697 ",-,-,-,"9,039 ",-,"16,249 ",-,"6,222 ",-,515 ,-,"2,147 ",-,155 ,"4,945 ",-,"2,265 ",-,"5,487 ",-,"1,065 ",-,
,2,"9,586 ",-,-,-,"9,070 ",-,"17,096 ",-,"6,164 ",-,478 ,-,"2,320 ",-,108 ,"5,758 ",-,"2,268 ",-,"6,404 ",-,"1,106 ",-,
,3,"10,979 ",-,-,-,"9,686 ",-,"19,517 ",-,"6,810 ",-,554 ,-,"2,261 ",-,61 ,"7,479 ",-,"2,352 ",-,"7,248 ",-,"1,290 ",-,
,4,"11,064 ",-,-,-,"10,923 ",-,"21,158 ",-,"7,920 ",-,598 ,-,"2,426 ",-,-21 ,"7,817 ",-,"2,418 ",-,"8,773 ",-,"1,321 ",-,
1974,1,"11,664 ",20.3 ,-,-,"10,826 ",19.8 ,"20,880 ",28.5 ,"7,106 ",14.2 ,655 ,27.2 ,"2,568 ",19.6 ,497 ,"7,077 ",43.1 ,"2,977 ",31.4 ,"7,758 ",41.4 ,"1,458 ",36.9 ,
,2,"11,371 ",18.6 ,-,-,"11,298 ",24.6 ,"22,319 ",30.6 ,"7,832 ",27.1 ,613 ,28.2 ,"2,701 ",16.4 ,152 ,"8,093 ",40.6 ,"2,928 ",29.1 ,"9,402 ",46.8 ,"1,546 ",39.8 ,
,3,"12,412 ",13.1 ,-,-,"11,605 ",19.8 ,"22,360 ",14.6 ,"7,790 ",14.4 ,746 ,34.7 ,"2,826 ",25.0 ,243 ,"8,085 ",8.1 ,"2,670 ",13.5 ,"8,384 ",15.7 ,"1,564 ",21.2 ,
,4,"11,794 ",6.6 ,-,-,"11,247 ",3.0 ,"20,343 ",-3.9 ,"8,072 ",1.9 ,738 ,23.4 ,"2,651 ",9.3 ,-214 ,"6,781 ",-13.3 ,"2,315 ",-4.3 ,"7,289 ",-16.9 ,"1,260 ",-4.6 ,
1975,1,"11,914 ",2.1 ,-,-,"11,244 ",3.9 ,"20,169 ",-3.4 ,"7,752 ",9.1 ,779 ,18.9 ,"2,621 ",2.1 ,92 ,"6,086 ",-14.0 ,"2,839 ",-4.6 ,"6,736 ",-13.2 ,"1,519 ",4.2 ,
,2,"11,831 ",4.0 ,-,-,"11,048 ",-2.2 ,"20,824 ",-6.7 ,"7,653 ",-2.3 ,707 ,15.3 ,"2,540 ",-6.0 ,148 ,"6,930 ",-14.4 ,"2,846 ",-2.8 ,"7,537 ",-19.8 ,"1,456 ",-5.8 ,
,3,"13,010 ",4.8 ,-,-,"12,067 ",4.0 ,"23,321 ",4.3 ,"8,038 ",3.2 ,725 ,-2.8 ,"2,678 ",-5.2 ,626 ,"8,315 ",2.8 ,"2,939 ",10.1 ,"8,572 ",2.2 ,"1,739 ",11.2 ,
,4,"12,833 ",8.8 ,-,-,"12,457 ",10.8 ,"23,859 ",17.3 ,"9,021 ",11.8 ,762 ,3.3 ,"2,809 ",6.0 ,-135 ,"8,501 ",25.4 ,"2,901 ",25.3 ,"9,436 ",29.5 ,"1,590 ",26.2 ,
1976,1,"14,890 ",25.0 ,-,-,"13,443 ",19.6 ,"26,188 ",29.8 ,"8,282 ",6.8 ,821 ,5.4 ,"2,944 ",12.3 ,"1,396 ","8,955 ",47.1 ,"3,790 ",33.5 ,"9,410 ",39.7 ,"1,888 ",24.3 ,
,2,"14,721 ",24.4 ,-,-,"13,321 ",20.6 ,"27,184 ",30.5 ,"9,093 ",18.8 ,831 ,17.5 ,"3,177 ",25.1 ,220 ,"10,104 ",45.8 ,"3,759 ",32.1 ,"10,542 ",39.9 ,"1,921 ",31.9 ,
,3,"16,650 ",28.0 ,-,-,"14,383 ",19.2 ,"29,371 ",25.9 ,"8,890 ",10.6 ,880 ,21.4 ,"3,324 ",24.1 ,"1,289 ","11,254 ",35.3 ,"3,734 ",27.1 ,"10,632 ",24.0 ,"2,089 ",20.1 ,
,4,"16,896 ",31.7 ,-,-,"15,264 ",22.5 ,"30,156 ",26.4 ,"10,677 ",18.4 ,907 ,19.0 ,"3,606 ",28.4 ,74 ,"11,244 ",32.3 ,"3,648 ",25.7 ,"11,355 ",20.3 ,"1,905 ",19.8 ,
1977,1,"17,492 ",17.5 ,-,-,"16,780 ",24.8 ,"30,522 ",16.5 ,"9,951 ",20.2 ,"1,000 ",21.8 ,"4,226 ",43.5 ,"1,603 ","9,534 ",6.5 ,"4,208 ",11.0 ,"10,767 ",14.4 ,"2,263 ",19.9 ,
,2,"17,111 ",16.2 ,-,-,"16,281 ",22.2 ,"31,291 ",15.1 ,"10,608 ",16.7 ,969 ,16.6 ,"4,319 ",35.9 ,385 ,"10,852 ",7.4 ,"4,158 ",10.6 ,"11,875 ",12.6 ,"2,305 ",20.0 ,
,3,"19,151 ",15.0 ,-,-,"16,809 ",16.9 ,"32,966 ",12.2 ,"11,538 ",29.8 ,"1,018 ",15.7 ,"4,291 ",29.1 ,-38 ,"12,175 ",8.2 ,"3,982 ",6.6 ,"11,355 ",6.8 ,"2,460 ",17.8 ,
,4,"19,529 ",15.6 ,-,-,"18,626 ",22.0 ,"34,807 ",15.4 ,"12,874 ",20.6 ,"1,102 ",21.5 ,"4,898 ",35.8 ,-248 ,"12,272 ",9.1 ,"3,909 ",7.2 ,"13,063 ",15.0 ,"2,215 ",16.3 ,
1978,1,"20,310 ",16.1 ,-,-,"20,716 ",23.5 ,"35,727 ",17.1 ,"12,240 ",23.0 ,"1,190 ",19.0 ,"5,200 ",23.0 ,"2,086 ","10,351 ",8.6 ,"4,660 ",10.7 ,"12,640 ",17.4 ,"2,777 ",22.7 ,
,2,"20,643 ",20.6 ,-,-,"20,006 ",22.9 ,"38,004 ",21.5 ,"12,969 ",22.3 ,"1,154 ",19.1 ,"5,297 ",22.6 ,586 ,"13,045 ",20.2 ,"4,953 ",19.1 ,"14,683 ",23.6 ,"2,678 ",16.2 ,
,3,"21,683 ",13.2 ,-,-,"20,489 ",21.9 ,"40,077 ",21.6 ,"13,924 ",20.7 ,"1,253 ",23.1 ,"5,621 ",31.0 ,-309 ,"14,686 ",20.6 ,"4,902 ",23.1 ,"15,338 ",35.1 ,"3,056 ",24.2 ,
,4,"23,146 ",18.5 ,-,-,"23,701 ",27.2 ,"44,520 ",27.9 ,"16,245 ",26.2 ,"1,292 ",17.2 ,"6,460 ",31.9 ,-296 ,"15,826 ",29.0 ,"4,993 ",27.7 ,"18,413 ",41.0 ,"2,961 ",33.7 ,
1979,1,"24,852 ",22.4 ,-,-,"25,286 ",22.1 ,"45,548 ",27.5 ,"14,834 ",21.2 ,"1,528 ",28.4 ,"7,426 ",42.8 ,"1,498 ","14,323 ",38.4 ,"5,939 ",27.4 ,"17,073 ",35.1 ,"3,623 ",30.5 ,
,2,"26,794 ",29.8 ,-,-,"26,352 ",31.7 ,"51,098 ",34.5 ,"16,089 ",24.1 ,"1,411 ",22.3 ,"7,627 ",44.0 ,"1,225 ","18,281 ",40.1 ,"6,465 ",30.5 ,"20,430 ",39.1 ,"3,874 ",44.7 ,
,3,"29,375 ",35.5 ,-,-,"27,840 ",35.9 ,"55,642 ",38.8 ,"17,536 ",25.9 ,"1,524 ",21.6 ,"8,638 ",53.7 ,142 ,"21,412 ",45.8 ,"6,390 ",30.4 ,"21,874 ",42.6 ,"4,393 ",43.8 ,
,4,"31,669 ",36.8 ,-,-,"31,756 ",34.0 ,"59,953 ",34.7 ,"19,792 ",21.8 ,"1,743 ",34.9 ,"9,830 ",52.2 ,391 ,"21,918 ",38.5 ,"6,279 ",25.8 ,"24,060 ",30.7 ,"4,224 ",42.7 ,
1980,1,"31,753 ",27.8 ,-,-,"33,264 ",31.6 ,"60,044 ",31.8 ,"19,668 ",32.6 ,"1,820 ",19.1 ,"10,796 ",45.4 ,980 ,"19,771 ",38.0 ,"7,009 ",18.0 ,"23,338 ",36.7 ,"4,953 ",36.7 ,
,2,"34,829 ",30.0 ,-,-,"34,441 ",30.7 ,"66,681 ",30.5 ,"20,083 ",24.8 ,"1,929 ",36.7 ,"11,033 ",44.7 ,"1,396 ","24,649 ",34.8 ,"7,591 ",17.4 ,"26,838 ",31.4 ,"5,014 ",29.4 ,
,3,"38,021 ",29.4 ,-,-,"36,282 ",30.3 ,"70,311 ",26.4 ,"22,307 ",27.2 ,"2,035 ",33.5 ,"11,937 ",38.2 ,3 ,"26,738 ",24.9 ,"7,291 ",14.1 ,"26,966 ",23.3 ,"5,324 ",21.2 ,
,4,"39,017 ",23.2 ,-,-,"40,374 ",27.1 ,"74,780 ",24.7 ,"24,175 ",22.1 ,"2,288 ",31.3 ,"12,545 ",27.6 ,"1,366 ","27,207 ",24.1 ,"7,199 ",14.7 ,"30,605 ",27.2 ,"5,158 ",22.1 ,
1981,1,"39,376 ",24.0 ,-,-,"42,318 ",27.2 ,"76,443 ",27.3 ,"24,470 ",24.4 ,"3,209 ",76.3 ,"13,215 ",22.4 ,"1,424 ","25,554 ",29.2 ,"8,571 ",22.3 ,"30,168 ",29.3 ,"6,899 ",39.3 ,
,2,"41,166 ",18.2 ,-,-,"42,349 ",23.0 ,"80,688 ",21.0 ,"24,628 ",22.6 ,"2,680 ",38.9 ,"14,174 ",28.5 ,867 ,"29,509 ",19.7 ,"8,830 ",16.3 ,"33,235 ",23.8 ,"6,287 ",25.4 ,
,3,"44,885 ",18.1 ,-,-,"43,747 ",20.6 ,"85,691 ",21.9 ,"25,927 ",16.2 ,"2,751 ",35.2 ,"14,328 ",20.0 ,741 ,"33,114 ",23.8 ,"8,830 ",21.1 ,"34,023 ",26.2 ,"6,783 ",27.4 ,
,4,"48,150 ",23.4 ,-,-,"47,799 ",18.4 ,"90,536 ",21.1 ,"28,697 ",18.7 ,"3,204 ",40.0 ,"14,977 ",19.4 ,921 ,"33,795 ",24.2 ,"8,942 ",24.2 ,"36,131 ",18.1 ,"6,255 ",21.3 ,
1982,1,"45,698 ",16.1 ,-,-,"47,028 ",11.1 ,"85,225 ",11.5 ,"28,866 ",18.0 ,"3,446 ",7.4 ,"15,162 ",14.7 ,-446 ,"27,910 ",9.2 ,"10,287 ",20.0 ,"32,084 ",6.4 ,"7,443 ",7.9 ,
,2,"46,641 ",13.3 ,-,-,"46,353 ",9.5 ,"87,305 ",8.2 ,"27,625 ",12.2 ,"3,522 ",31.4 ,"13,848 ",-2.3 ,"1,358 ","30,916 ",4.8 ,"10,036 ",13.7 ,"33,648 ",1.2 ,"7,016 ",11.6 ,
,3,"51,474 ",14.7 ,-,-,"50,045 ",14.4 ,"93,077 ",8.6 ,"31,062 ",19.8 ,"3,641 ",32.4 ,"15,326 ",7.0 ,16 ,"33,281 ",0.5 ,"9,751 ",10.4 ,"34,123 ",0.3 ,"7,480 ",10.3 ,
,4,"52,192 ",8.4 ,-,-,"51,473 ",7.7 ,"95,639 ",5.6 ,"32,427 ",13.0 ,"3,581 ",11.8 ,"14,990 ",0.1 ,475 ,"34,392 ",1.8 ,"9,774 ",9.3 ,"36,657 ",1.5 ,"6,790 ",8.6 ,
1983,1,"48,061 ",5.2 ,-,-,"48,713 ",3.6 ,"88,582 ",3.9 ,"33,165 ",14.9 ,"3,989 ",15.8 ,"12,771 ",-15.8 ,"-1,212 ","29,328 ",5.1 ,"10,541 ",2.5 ,"32,441 ",1.1 ,"8,080 ",8.6 ,
,2,"51,113 ",9.6 ,-,-,"50,714 ",9.4 ,"98,793 ",13.2 ,"32,677 ",18.3 ,"3,981 ",13.0 ,"12,627 ",-8.8 ,"1,429 ","36,811 ",19.1 ,"11,268 ",12.3 ,"39,573 ",17.6 ,"8,107 ",15.6 ,
,3,"56,989 ",10.7 ,-,-,"54,502 ",8.9 ,"109,611 ",17.8 ,"35,586 ",14.6 ,"4,022 ",10.5 ,"13,782 ",-10.1 ,"1,112 ","43,449 ",30.6 ,"11,660 ",19.6 ,"43,322 ",27.0 ,"9,300 ",24.3 ,
,4,"61,119 ",17.1 ,-,-,"59,430 ",15.5 ,"120,764 ",26.3 ,"37,924 ",17.0 ,"4,067 ",13.6 ,"14,439 ",-3.7 ,"3,000 ","48,558 ",41.2 ,"12,776 ",30.7 ,"50,474 ",37.7 ,"9,171 ",35.1 ,
1984,1,"58,936 ",22.6 ,-,-,"57,131 ",17.3 ,"115,246 ",30.1 ,"38,885 ",17.2 ,"4,373 ",9.6 ,"13,889 ",8.8 ,-16 ,"44,771 ",52.7 ,"13,344 ",26.6 ,"45,781 ",41.1 ,"10,529 ",30.3 ,
,2,"63,922 ",25.1 ,-,-,"60,154 ",18.6 ,"127,392 ",28.9 ,"37,321 ",14.2 ,"4,288 ",7.7 ,"14,542 ",15.2 ,"4,003 ","52,835 ",43.5 ,"14,403 ",27.8 ,"52,846 ",33.5 ,"10,624 ",31.0 ,
,3,"69,741 ",22.4 ,-,-,"61,180 ",12.3 ,"134,528 ",22.7 ,"41,114 ",15.5 ,"4,553 ",13.2 ,"14,566 ",5.7 ,947 ,"59,440 ",36.8 ,"13,908 ",19.3 ,"53,794 ",24.2 ,"10,993 ",18.2 ,
,4,"69,393 ",13.5 ,-,-,"62,561 ",5.3 ,"136,218 ",12.8 ,"41,968 ",10.7 ,"4,551 ",11.9 ,"15,173 ",5.1 ,869 ,"59,816 ",23.2 ,"13,841 ",8.3 ,"56,339 ",11.6 ,"10,486 ",14.3 ,
1985,1,"67,354 ",14.3 ,-,-,"60,496 ",5.9 ,"129,564 ",12.4 ,"41,276 ",6.1 ,"4,736 ",8.3 ,"14,384 ",3.6 ,100 ,"53,266 ",19.0 ,"15,802 ",18.4 ,"50,135 ",9.5 ,"12,075 ",14.7 ,
,2,"67,087 ",5.0 ,-,-,"60,535 ",0.6 ,"133,433 ",4.7 ,"40,774 ",9.3 ,"4,692 ",9.4 ,"14,648 ",0.7 ,421 ,"57,324 ",8.5 ,"15,574 ",8.1 ,"54,505 ",3.1 ,"11,841 ",11.5 ,
,3,"71,300 ",2.2 ,-,-,"61,894 ",1.2 ,"134,904 ",0.3 ,"43,239 ",5.2 ,"4,963 ",9.0 ,"13,762 ",-5.5 ,-70 ,"59,080 ",-0.6 ,"13,930 ",0.2 ,"51,676 ",-3.9 ,"11,928 ",8.5 ,
,4,"72,386 ",4.3 ,-,-,"67,281 ",7.5 ,"141,334 ",3.8 ,"45,635 ",8.7 ,"5,093 ",11.9 ,"15,535 ",2.4 ,"1,018 ","59,653 ",-0.3 ,"14,400 ",4.0 ,"57,168 ",1.5 ,"11,780 ",12.3 ,
1986,1,"70,571 ",4.8 ,-,-,"67,049 ",10.8 ,"134,490 ",3.8 ,"46,367 ",12.3 ,"5,502 ",16.2 ,"15,455 ",7.4 ,-275 ,"51,263 ",-3.8 ,"16,178 ",2.4 ,"50,591 ",0.9 ,"13,328 ",10.4 ,
,2,"74,616 ",11.2 ,-,-,"69,829 ",15.4 ,"149,685 ",12.2 ,"45,343 ",11.2 ,"5,425 ",15.6 ,"15,993 ",9.2 ,"3,068 ","62,743 ",9.5 ,"17,113 ",9.9 ,"61,265 ",12.4 ,"13,804 ",16.6 ,
,3,"85,058 ",19.3 ,-,-,"73,765 ",19.2 ,"163,864 ",21.5 ,"49,485 ",14.4 ,"5,606 ",13.0 ,"16,971 ",23.3 ,"1,703 ","72,502 ",22.7 ,"17,597 ",26.3 ,"64,128 ",24.1 ,"14,678 ",23.1 ,
,4,"90,281 ",24.7 ,-,-,"80,703 ",19.9 ,"178,915 ",26.6 ,"52,675 ",15.4 ,"5,836 ",14.6 ,"20,505 ",32.0 ,"1,687 ","79,421 ",33.1 ,"18,791 ",30.5 ,"73,495 ",28.6 ,"15,139 ",28.5 ,
1987,1,"86,263 ",22.2 ,-,-,"80,920 ",20.7 ,"172,202 ",28.0 ,"53,258 ",14.9 ,"6,100 ",10.9 ,"20,604 ",33.3 ,958 ,"70,711 ",37.9 ,"20,571 ",27.2 ,"69,109 ",36.6 ,"16,830 ",26.3 ,
,2,"91,874 ",23.1 ,-,-,"84,623 ",21.2 ,"192,008 ",28.3 ,"54,396 ",20.0 ,"5,926 ",9.2 ,"21,496 ",34.4 ,"2,805 ","85,436 ",36.2 ,"21,949 ",28.3 ,"82,290 ",34.3 ,"17,844 ",29.3 ,
,3,"107,442 ",26.3 ,-,-,"90,704 ",23.0 ,"211,871 ",29.3 ,"57,623 ",16.4 ,"6,253 ",11.5 ,"24,457 ",44.1 ,"2,371 ","98,438 ",35.8 ,"22,729 ",29.2 ,"85,757 ",33.7 ,"18,672 ",27.2 ,
,4,"109,192 ",20.9 ,-,-,"97,413 ",20.7 ,"222,763 ",24.5 ,"60,683 ",15.2 ,"6,513 ",11.6 ,"26,605 ",29.7 ,"3,612 ","101,346 ",27.6 ,"24,004 ",27.7 ,"94,410 ",28.5 ,"19,161 ",26.6 ,
1988,1,"102,429 ",18.7 ,-,-,"94,044 ",16.2 ,"208,746 ",21.2 ,"62,656 ",17.6 ,"6,757 ",10.8 ,"26,137 ",26.9 ,"-1,506 ","90,060 ",27.4 ,"24,642 ",19.8 ,"84,982 ",23.0 ,"21,335 ",26.8 ,
,2,"109,030 ",18.7 ,-,-,"103,371 ",22.2 ,"236,747 ",23.3 ,"62,274 ",14.5 ,"6,878 ",16.1 ,"28,214 ",31.3 ,"6,005 ","106,950 ",25.2 ,"26,426 ",20.4 ,"105,353 ",28.0 ,"22,364 ",25.3 ,
,3,"124,467 ",15.8 ,-,-,"110,006 ",21.3 ,"262,054 ",23.7 ,"66,926 ",16.1 ,"7,550 ",20.7 ,"30,549 ",24.9 ,"4,981 ","126,189 ",28.2 ,"25,859 ",13.8 ,"113,349 ",32.2 ,"24,238 ",29.8 ,
,4,"130,151 ",19.2 ,-,-,"117,053 ",20.2 ,"276,839 ",24.3 ,"71,976 ",18.6 ,"7,315 ",12.3 ,"33,110 ",24.5 ,"4,652 ","132,187 ",30.4 ,"27,599 ",15.0 ,"122,395 ",29.6 ,"24,293 ",26.8 ,
1989,1,"120,455 ",17.6 ,-,-,"115,558 ",22.9 ,"255,915 ",22.6 ,"73,046 ",16.6 ,"8,135 ",20.4 ,"33,812 ",29.4 ,565 ,"112,000 ",24.4 ,"28,357 ",15.1 ,"109,192 ",28.5 ,"26,268 ",23.1 ,
,2,"128,238 ",17.6 ,-,-,"120,313 ",16.4 ,"276,612 ",16.8 ,"71,394 ",14.6 ,"8,241 ",19.8 ,"35,227 ",24.9 ,"5,451 ","126,809 ",18.6 ,"29,490 ",11.6 ,"121,800 ",15.6 ,"26,574 ",18.8 ,
,3,"141,935 ",14.0 ,-,-,"117,504 ",6.8 ,"287,437 ",9.7 ,"75,265 ",12.5 ,"8,553 ",13.3 ,"34,995 ",14.6 ,"-1,309 ","140,886 ",11.6 ,"29,047 ",12.3 ,"116,765 ",3.0 ,"28,737 ",18.6 ,
,4,"145,931 ",12.1 ,-,-,"121,678 ",4.0 ,"289,994 ",4.8 ,"79,074 ",9.9 ,"9,031 ",23.5 ,"34,817 ",5.2 ,"-1,244 ","137,173 ",3.8 ,"31,143 ",12.8 ,"115,683 ",-5.5 ,"28,380 ",16.8 ,
1990,1,"133,562 ",10.9 ,-,-,"124,326 ",7.6 ,"271,812 ",6.2 ,"79,402 ",8.7 ,"9,945 ",22.2 ,"35,949 ",6.3 ,-970 ,"116,571 ",4.1 ,"30,915 ",9.0 ,"108,285 ",-0.8 ,"29,965 ",14.1 ,
,2,"143,368 ",11.8 ,-,-,"134,373 ",11.7 ,"304,604 ",10.1 ,"81,762 ",14.5 ,"9,680 ",17.5 ,"38,026 ",7.9 ,"4,905 ","137,626 ",8.5 ,"32,605 ",10.6 ,"128,923 ",5.8 ,"32,313 ",21.6 ,
,3,"159,114 ",12.1 ,-,-,"140,513 ",19.6 ,"325,496 ",13.2 ,"89,133 ",18.4 ,"10,641 ",24.4 ,"39,783 ",13.7 ,956 ,"152,453 ",8.2 ,"32,530 ",12.0 ,"131,024 ",12.2 ,"35,358 ",23.0 ,
,4,"163,214 ",11.8 ,-,-,"148,880 ",22.4 ,"348,923 ",20.3 ,"94,005 ",18.9 ,"10,703 ",18.5 ,"43,335 ",24.5 ,837 ,"165,421 ",20.6 ,"34,622 ",11.2 ,"150,334 ",30.0 ,"35,375 ",24.6 ,
1991,1,"152,222 ",14.0 ,-,-,"148,973 ",19.8 ,"320,376 ",17.9 ,"93,502 ",17.8 ,"12,162 ",22.3 ,"40,593 ",12.9 ,"2,716 ","136,401 ",17.0 ,"35,002 ",13.2 ,"130,690 ",20.7 ,"37,464 ",25.0 ,
,2,"164,347 ",14.6 ,-,-,"159,588 ",18.8 ,"356,408 ",17.0 ,"97,246 ",18.9 ,"12,075 ",24.7 ,"44,443 ",16.9 ,"5,824 ","160,100 ",16.3 ,"36,720 ",12.6 ,"155,225 ",20.4 ,"36,836 ",14.0 ,
,3,"184,188 ",15.8 ,-,-,"164,692 ",17.2 ,"385,172 ",18.3 ,"106,931 ",20.0 ,"12,334 ",15.9 ,"46,874 ",17.8 ,"-1,447 ","184,067 ",20.7 ,"36,413 ",11.9 ,"158,624 ",21.1 ,"42,360 ",19.8 ,
,4,"190,566 ",16.8 ,-,-,"171,063 ",14.9 ,"407,332 ",16.7 ,"111,242 ",18.3 ,"12,710 ",18.8 ,"50,106 ",15.6 ,"-2,995 ","197,336 ",19.3 ,"38,933 ",12.5 ,"170,926 ",13.7 ,"45,840 ",29.6 ,
1992,1,"180,376 ",18.5 ,-,-,"174,565 ",17.2 ,"383,669 ",19.8 ,"109,823 ",18.1 ,"14,814 ",17.4 ,"48,123 ",18.5 ,"1,805 ","169,012 ",23.9 ,"40,092 ",14.5 ,"157,744 ",20.7 ,"45,549 ",21.6 ,
,2,"193,045 ",17.4 ,-,-,"190,584 ",19.4 ,"430,377 ",20.7 ,"114,105 ",17.9 ,"15,205 ",20.4 ,"54,662 ",23.0 ,"6,612 ","197,427 ",23.3 ,"42,366 ",15.4 ,"193,270 ",24.5 ,"44,062 ",19.6 ,
,3,"214,123 ",16.2 ,-,-,"194,688 ",18.2 ,"458,903 ",19.1 ,"124,338 ",16.8 ,"15,731 ",22.1 ,"57,798 ",23.3 ,"-3,179 ","221,349 ",20.3 ,"42,866 ",17.7 ,"193,754 ",22.1 ,"51,026 ",20.5 ,
,4,"219,585 ",15.2 ,-,-,"205,321 ",20.0 ,"482,287 ",18.4 ,"127,931 ",15.6 ,"15,787 ",18.8 ,"58,654 ",17.1 ,"2,949 ","232,642 ",17.9 ,"44,324 ",13.8 ,"211,227 ",23.6 ,"51,475 ",12.3 ,
1993,1,"209,714 ",16.3 ,-,-,"200,411 ",14.8 ,"442,722 ",15.4 ,"125,062 ",13.9 ,"16,406 ",10.7 ,"57,625 ",19.7 ,"1,318 ","198,066 ",17.2 ,"44,245 ",10.4 ,"185,339 ",17.5 ,"47,669 ",4.7 ,
,2,"223,021 ",15.5 ,-,-,"218,399 ",14.6 ,"491,499 ",14.2 ,"131,114 ",14.9 ,"17,531 ",15.3 ,"63,765 ",16.7 ,"5,989 ","226,028 ",14.5 ,"47,072 ",11.1 ,"217,388 ",12.5 ,"51,090 ",16.0 ,
,3,"246,164 ",15.0 ,-,-,"222,262 ",14.2 ,"526,202 ",14.7 ,"138,451 ",11.4 ,"17,760 ",12.9 ,"65,486 ",13.3 ,565 ,"255,352 ",15.4 ,"48,588 ",13.3 ,"221,430 ",14.3 ,"58,608 ",14.9 ,
,4,"252,109 ",14.8 ,-,-,"227,130 ",10.6 ,"528,320 ",9.5 ,"150,271 ",17.5 ,"17,908 ",13.4 ,"64,524 ",10.0 ,"-5,573 ","252,120 ",8.4 ,"49,070 ",10.7 ,"220,628 ",4.5 ,"55,583 ",8.0 ,
1994,1,"241,043 ",14.9 ,-,-,"233,955 ",16.7 ,"502,470 ",13.5 ,"147,856 ",18.2 ,"18,769 ",14.4 ,"71,827 ",24.6 ,"-4,497 ","218,657 ",10.4 ,"49,858 ",12.7 ,"203,155 ",9.6 ,"58,272 ",22.2 ,
,2,"254,157 ",14.0 ,-,-,"263,264 ",20.5 ,"566,651 ",15.3 ,"151,308 ",15.4 ,"20,020 ",14.2 ,"78,153 ",22.6 ,"13,783 ","252,076 ",11.5 ,"51,311 ",9.0 ,"251,043 ",15.5 ,"61,451 ",20.3 ,
,3,"273,827 ",11.2 ,-,-,"263,296 ",18.5 ,"602,923 ",14.6 ,"157,645 ",13.9 ,"20,133 ",13.4 ,"75,970 ",16.0 ,"9,548 ","286,538 ",12.2 ,"53,089 ",9.3 ,"259,305 ",17.1 ,"69,791 ",19.1 ,
,4,"280,583 ",11.3 ,-,-,"276,949 ",21.9 ,"617,527 ",16.9 ,"172,135 ",14.5 ,"20,238 ",13.0 ,"82,147 ",27.3 ,"2,429 ","285,228 ",13.1 ,"55,350 ",12.8 ,"270,680 ",22.7 ,"66,264 ",19.2 ,
1995,1,"258,819 ",7.4 ,-,-,"273,245 ",16.8 ,"584,742 ",16.4 ,"165,030 ",11.6 ,"21,297 ",13.5 ,"77,934 ",8.5 ,"8,984 ","258,030 ",18.0 ,"53,467 ",7.2 ,"259,640 ",27.8 ,"66,283 ",13.7 ,
,2,"271,769 ",6.9 ,-,-,"300,695 ",14.2 ,"645,772 ",14.0 ,"169,750 ",12.2 ,"22,355 ",11.7 ,"87,995 ",12.6 ,"20,595 ","289,857 ",15.0 ,"55,220 ",7.6 ,"306,583 ",22.1 ,"67,420 ",9.7 ,
,3,"289,442 ",5.7 ,-,-,"291,895 ",10.9 ,"679,071 ",12.6 ,"172,607 ",9.5 ,"23,126 ",14.9 ,"86,348 ",13.7 ,"9,814 ","330,086 ",15.2 ,"57,090 ",7.5 ,"310,604 ",19.8 ,"79,025 ",13.2 ,
,4,"298,976 ",6.6 ,-,-,"303,314 ",9.5 ,"671,846 ",8.8 ,"188,225 ",9.3 ,"23,044 ",13.9 ,"85,782 ",4.4 ,"6,263 ","309,584 ",8.5 ,"58,948 ",6.5 ,"303,302 ",12.1 ,"69,568 ",5.0 ,
1996,1,"279,132 ",7.8 ,-,-,"292,373 ",7.0 ,"631,195 ",7.9 ,"179,563 ",8.8 ,"23,793 ",11.7 ,"87,103 ",11.8 ,"1,914 ","279,725 ",8.4 ,"59,097 ",10.5 ,"278,247 ",7.2 ,"73,816 ",11.4 ,
,2,"298,035 ",9.7 ,-,-,"312,446 ",3.9 ,"677,642 ",4.9 ,"182,909 ",7.8 ,"25,084 ",12.2 ,"94,678 ",7.6 ,"9,775 ","304,705 ",5.1 ,"60,491 ",9.5 ,"305,644 ",-0.3 ,"73,963 ",9.7 ,
,3,"319,919 ",10.5 ,-,-,"309,303 ",6.0 ,"713,267 ",5.0 ,"189,042 ",9.5 ,"25,902 ",12.0 ,"93,411 ",8.2 ,948 ,"341,628 ",3.5 ,"62,336 ",9.2 ,"310,063 ",-0.2 ,"83,285 ",5.4 ,
,4,"338,215 ",13.1 ,-,-,"339,520 ",11.9 ,"734,708 ",9.4 ,"208,691 ",10.9 ,"25,828 ",12.1 ,"107,876 ",25.8 ,"-2,875 ","328,355 ",6.1 ,"66,833 ",13.4 ,"315,501 ",4.0 ,"80,992 ",16.4 ,
1997,1,"314,111 ",12.5 ,-,-,"333,402 ",14.0 ,"685,409 ",8.6 ,"195,964 ",9.1 ,"26,782 ",12.6 ,"106,055 ",21.8 ,"4,601 ","290,308 ",3.8 ,"61,699 ",4.4 ,"295,523 ",6.2 ,"75,775 ",2.7 ,
,2,"340,130 ",14.1 ,-,-,"355,492 ",13.8 ,"745,042 ",9.9 ,"206,829 ",13.1 ,"28,573 ",13.9 ,"114,514 ",21.0 ,"5,576 ","327,936 ",7.6 ,"61,614 ",1.9 ,"327,250 ",7.1 ,"77,662 ",5.0 ,
,3,"359,487 ",12.4 ,-,-,"364,415 ",17.8 ,"788,232 ",10.5 ,"214,188 ",13.3 ,"27,577 ",6.5 ,"114,863 ",23.0 ,"7,787 ","364,494 ",6.7 ,"59,323 ",-4.8 ,"337,323 ",8.8 ,"91,422 ",9.8 ,
,4,"359,355 ",6.3 ,-,-,"365,873 ",7.8 ,"780,114 ",6.2 ,"222,155 ",6.5 ,"27,517 ",6.5 ,"121,852 ",13.0 ,"-5,651 ","356,491 ",8.6 ,"57,750 ",-13.6 ,"335,810 ",6.4 ,"84,949 ",4.9 ,
1998,1,"316,887 ",0.9 ,-,-,"329,516 ",-1.2 ,"672,586 ",-1.9 ,"197,203 ",0.6 ,"29,326 ",9.5 ,"104,850 ",-1.1 ,"-1,863 ","291,744 ",0.5 ,"51,326 ",-16.8 ,"276,399 ",-6.5 ,"79,300 ",4.7 ,
,2,"326,177 ",-4.1 ,-,-,"340,026 ",-4.4 ,"702,399 ",-5.7 ,"202,298 ",-2.2 ,"28,457 ",-0.4 ,"109,788 ",-4.1 ,-517 ,"311,801 ",-4.9 ,"50,572 ",-17.9 ,"297,356 ",-9.1 ,"78,866 ",1.6 ,
,3,"333,161 ",-7.3 ,-,-,"316,944 ",-13.0 ,"694,747 ",-11.9 ,"198,897 ",-7.1 ,"30,357 ",10.1 ,"90,504 ",-21.2 ,"-2,814 ","324,599 ",-10.9 ,"53,204 ",-10.3 ,"272,621 ",-19.2 ,"88,965 ",-2.7 ,
,4,"331,849 ",-7.7 ,-,-,"314,575 ",-14.0 ,"681,129 ",-12.7 ,"205,221 ",-7.6 ,"29,910 ",8.7 ,"89,901 ",-26.2 ,"-10,457 ","310,951 ",-12.8 ,"55,603 ",-3.7 ,"264,799 ",-21.1 ,"84,481 ",-0.6 ,
1999,1,"300,174 ",-5.3 ,-,-,"293,204 ",-11.0 ,"605,605 ",-10.0 ,"186,127 ",-5.6 ,"32,048 ",9.3 ,"82,889 ",-20.9 ,"-7,860 ","260,721 ",-10.6 ,"51,680 ",0.7 ,"230,628 ",-16.6 ,"74,803 ",-5.7 ,
,2,"315,431 ",-3.3 ,-,-,"303,534 ",-10.7 ,"646,937 ",-7.9 ,"196,500 ",-2.9 ,"29,480 ",3.6 ,"82,386 ",-25.0 ,"-4,832 ","290,966 ",-6.7 ,"52,437 ",3.7 ,"256,086 ",-13.9 ,"75,420 ",-4.4 ,
,3,"329,289 ",-1.2 ,-,-,"306,250 ",-3.4 ,"698,435 ",0.5 ,"191,872 ",-3.5 ,"30,488 ",0.4 ,"83,142 ",-8.1 ,748 ,"334,271 ",3.0 ,"57,914 ",8.9 ,"280,952 ",3.1 ,"88,194 ",-0.9 ,
,4,"341,052 ",2.8 ,-,-,"316,541 ",0.6 ,"718,052 ",5.4 ,"200,202 ",-2.4 ,"31,589 ",5.6 ,"83,418 ",-7.2 ,"1,332 ","339,364 ",9.1 ,"62,147 ",11.8 ,"292,350 ",10.4 ,"84,650 ",0.2 ,
2000,1,"321,039 ",7.0 ,-,-,"313,148 ",6.8 ,"682,890 ",12.8 ,"190,474 ",2.3 ,"33,220 ",3.7 ,"84,973 ",2.5 ,"4,481 ","312,039 ",19.7 ,"57,703 ",11.7 ,"283,493 ",22.9 ,"78,358 ",4.8 ,
,2,"325,717 ",3.3 ,-,-,"316,473 ",4.3 ,"720,299 ",11.3 ,"196,898 ",0.2 ,"29,911 ",1.5 ,"85,143 ",3.3 ,"4,521 ","344,122 ",18.3 ,"59,704 ",13.9 ,"312,303 ",22.0 ,"82,279 ",9.1 ,
,3,"342,978 ",4.2 ,-,-,"321,525 ",5.0 ,"784,059 ",12.3 ,"193,761 ",1.0 ,"30,986 ",1.6 ,"93,068 ",11.9 ,"3,710 ","398,739 ",19.3 ,"63,795 ",10.2 ,"342,454 ",21.9 ,"98,627 ",11.8 ,
,4,"347,767 ",2.0 ,-,-,"327,386 ",3.4 ,"776,956 ",8.2 ,"203,190 ",1.5 ,"31,177 ",-1.3 ,"91,332 ",9.5 ,"1,687 ","384,735 ",13.4 ,"64,835 ",4.3 ,"341,752 ",16.9 ,"87,437 ",3.3 ,
2001,1,"318,843 ",-0.7 ,-,-,"315,842 ",0.9 ,"696,726 ",2.0 ,"193,898 ",1.8 ,"34,450 ",3.7 ,"86,566 ",1.9 ,928 ,"321,174 ",2.9 ,"59,710 ",3.5 ,"296,590 ",4.6 ,"81,293 ",3.7 ,
,2,"322,470 ",-1.0 ,-,-,"316,975 ",0.2 ,"711,740 ",-1.2 ,"201,092 ",2.1 ,"32,307 ",8.0 ,"81,927 ",-3.8 ,"1,649 ","333,971 ",-2.9 ,"60,794 ",1.8 ,"305,907 ",-2.0 ,"83,363 ",1.3 ,
,3,"336,906 ",-1.8 ,-,-,"316,053 ",-1.7 ,"747,942 ",-4.6 ,"194,333 ",0.3 ,"33,999 ",9.7 ,"90,354 ",-2.9 ,"-2,633 ","370,865 ",-7.0 ,"61,024 ",-4.3 ,"320,940 ",-6.3 ,"90,096 ",-8.6 ,
,4,"342,923 ",-1.4 ,-,-,"310,305 ",-5.2 ,"724,730 ",-6.7 ,"198,271 ",-2.4 ,"34,050 ",9.2 ,"81,988 ",-10.2 ,"-4,004 ","352,795 ",-8.3 ,"61,630 ",-4.9 ,"293,296 ",-14.2 ,"88,511 ",1.2 ,
2002,1,"308,313 ",-3.3 ,-,-,"293,769 ",-7.0 ,"655,027 ",-6.0 ,"189,610 ",-2.2 ,"35,791 ",3.9 ,"69,935 ",-19.2 ,"-1,567 ","302,492 ",-5.8 ,"58,766 ",-1.6 ,"268,797 ",-9.4 ,"77,917 ",-4.2 ,
,2,"315,423 ",-2.2 ,-,-,"297,991 ",-6.0 ,"701,253 ",-1.5 ,"189,861 ",-5.6 ,"33,233 ",2.9 ,"73,275 ",-10.6 ,"1,622 ","339,454 ",1.6 ,"63,808 ",5.0 ,"307,199 ",0.4 ,"78,631 ",-5.7 ,
,3,"333,309 ",-1.1 ,-,-,"299,746 ",-5.2 ,"775,236 ",3.6 ,"185,248 ",-4.7 ,"35,141 ",3.4 ,"77,472 ",-14.3 ,"1,885 ","407,610 ",9.9 ,"67,880 ",11.2 ,"346,034 ",7.8 ,"95,893 ",6.4 ,
,4,"340,295 ",-0.8 ,-,-,"300,010 ",-3.3 ,"773,486 ",6.7 ,"188,082 ",-5.1 ,"33,814 ",-0.7 ,"74,394 ",-9.3 ,"3,720 ","402,574 ",14.1 ,"70,902 ",15.0 ,"341,549 ",16.5 ,"91,642 ",3.5 ,
2003,1,"304,457 ",-1.3 ,-,-,"284,009 ",-3.3 ,"707,042 ",7.9 ,"178,375 ",-5.9 ,"35,525 ",-0.7 ,"66,374 ",-5.1 ,"3,735 ","358,040 ",18.4 ,"64,993 ",10.6 ,"324,124 ",20.6 ,"78,461 ",0.7 ,
,2,"293,356 ",-7.0 ,-,-,"273,909 ",-8.1 ,"704,856 ",0.5 ,"175,897 ",-7.4 ,"32,556 ",-2.0 ,"63,954 ",-12.7 ,"1,502 ","379,933 ",11.9 ,"51,014 ",-20.1 ,"341,630 ",11.2 ,"69,870 ",-11.1 ,
,3,"323,046 ",-3.1 ,-,-,"281,532 ",-6.1 ,"793,747 ",2.4 ,"178,404 ",-3.7 ,"34,553 ",-1.7 ,"70,161 ",-9.4 ,"-1,586 ","441,204 ",8.2 ,"71,011 ",4.6 ,"374,639 ",8.3 ,"96,062 ",0.2 ,
,4,"335,810 ",-1.3 ,-,-,"302,896 ",1.0 ,"831,456 ",7.5 ,"190,285 ",1.2 ,"35,513 ",5.0 ,"71,638 ",-3.7 ,"5,460 ","451,950 ",12.3 ,"76,610 ",8.1 ,"402,203 ",17.8 ,"93,443 ",2.0 ,
2004,1,"313,811 ",3.1 ,-,-,"303,461 ",6.8 ,"788,545 ",11.5 ,"186,162 ",4.4 ,"36,625 ",3.1 ,"70,700 ",6.5 ,"9,974 ","410,607 ",14.7 ,"74,477 ",14.6 ,"385,580 ",19.0 ,"89,154 ",13.6 ,
,2,"317,077 ",8.1 ,-,-,"306,638 ",11.9 ,"834,974 ",18.5 ,"193,642 ",10.1 ,"31,950 ",-1.9 ,"72,399 ",13.2 ,"8,647 ","453,580 ",19.4 ,"74,756 ",46.5 ,"427,895 ",25.3 ,"90,002 ",28.8 ,
,3,"333,880 ",3.4 ,-,-,"292,949 ",4.1 ,"886,243 ",11.7 ,"189,415 ",6.2 ,"33,496 ",-3.1 ,"72,329 ",3.1 ,"-2,291 ","510,036 ",15.6 ,"83,258 ",17.2 ,"446,121 ",19.1 ,"106,242 ",10.6 ,
,4,"352,181 ",4.9 ,-,-,"299,185 ",-1.2 ,"901,994 ",8.5 ,"202,224 ",6.3 ,"34,283 ",-3.5 ,"71,932 ",0.4 ,"-9,254 ","517,683 ",14.5 ,"85,126 ",11.1 ,"443,618 ",10.3 ,"106,195 ",13.6 ,
2005,1,"327,783 ",4.5 ,-,-,"296,486 ",-2.3 ,"842,163 ",6.8 ,"193,244 ",3.8 ,"34,666 ",-5.3 ,"72,658 ",2.8 ,"-4,082 ","459,532 ",11.9 ,"86,145 ",15.7 ,"413,343 ",7.2 ,"101,037 ",13.3 ,
,2,"338,730 ",6.8 ,-,-,"307,648 ",0.3 ,"908,558 ",8.8 ,"202,295 ",4.5 ,"30,870 ",-3.4 ,"76,770 ",6.0 ,"-2,287 ","514,826 ",13.5 ,"86,084 ",15.2 ,"470,417 ",9.9 ,"99,411 ",10.5 ,
,3,"363,813 ",9.0 ,-,-,"310,431 ",6.0 ,"993,411 ",12.1 ,"201,479 ",6.4 ,"32,444 ",-3.1 ,"75,742 ",4.7 ,766 ,"586,777 ",15.0 ,"96,203 ",15.5 ,"507,259 ",13.7 ,"122,339 ",15.2 ,
,4,"381,799 ",8.4 ,-,-,"325,046 ",8.6 ,"1,001,336 ",11.0 ,"214,636 ",6.1 ,"32,586 ",-4.9 ,"76,982 ",7.0 ,842 ,"576,284 ",11.3 ,"100,006 ",17.5 ,"504,889 ",13.8 ,"114,648 ",8.0 ,
2006,1,"355,347 ",8.4 ,-,-,"320,694 ",8.2 ,"939,755 ",11.6 ,"207,449 ",7.4 ,"35,320 ",1.9 ,"78,726 ",8.4 ,-801 ,"519,390 ",13.0 ,"99,671 ",15.7 ,"471,720 ",14.1 ,"112,688 ",11.5 ,
,2,"357,109 ",5.4 ,-,-,"331,822 ",7.9 ,"978,862 ",7.7 ,"219,185 ",8.3 ,"30,653 ",-0.7 ,"82,709 ",7.7 ,-725 ,"546,541 ",6.2 ,"100,499 ",16.7 ,"509,708 ",8.4 ,"112,045 ",12.7 ,
,3,"382,405 ",5.1 ,-,-,"329,166 ",6.0 ,"1,080,059 ",8.7 ,"211,146 ",4.8 ,"32,577 ",0.4 ,"88,473 ",16.8 ,"-3,030 ","641,797 ",9.4 ,"109,096 ",13.4 ,"563,225 ",11.0 ,"134,429 ",9.9 ,
,4,"408,491 ",7.0 ,-,-,"353,870 ",8.9 ,"1,120,860 ",11.9 ,"230,911 ",7.6 ,"33,287 ",2.2 ,"87,245 ",13.3 ,"2,427 ","653,335 ",13.4 ,"113,655 ",13.6 ,"576,624 ",14.2 ,"135,745 ",18.4 ,
2007,1,"381,839 ",7.5 ,-,-,"339,065 ",5.7 ,"1,017,091 ",8.2 ,"223,936 ",7.9 ,"36,497 ",3.3 ,"77,722 ",-1.3 ,910 ,"558,075 ",7.4 ,"119,951 ",20.3 ,"514,637 ",9.1 ,"120,615 ",7.0 ,
,2,"386,249 ",8.2 ,-,-,"363,641 ",9.6 ,"1,091,704 ",11.5 ,"241,952 ",10.4 ,"32,723 ",6.8 ,"85,207 ",3.0 ,"3,759 ","612,834 ",12.1 ,"115,229 ",14.7 ,"577,439 ",13.3 ,"128,016 ",14.3 ,
,3,"423,798 ",10.8 ,-,-,"363,379 ",10.4 ,"1,192,075 ",10.4 ,"245,144 ",16.1 ,"34,300 ",5.3 ,"83,917 ",-5.1 ,18 ,"697,030 ",8.6 ,"131,666 ",20.7 ,"624,226 ",10.8 ,"144,051 ",7.2 ,
,4,"458,870 ",12.3 ,-,-,"408,447 ",15.4 ,"1,250,876 ",11.6 ,"271,336 ",17.5 ,"35,447 ",6.5 ,"93,510 ",7.2 ,"8,154 ","706,500 ",8.1 ,"135,929 ",19.6 ,"648,628 ",12.5 ,"143,378 ",5.6 ,
2008,1,"418,762 ",9.7 ,-,-,"382,327 ",12.8 ,"1,152,807 ",13.3 ,"254,670 ",13.7 ,"37,868 ",3.8 ,"90,958 ",17.0 ,"-1,169 ","633,388 ",13.5 ,"137,092 ",14.3 ,"593,546 ",15.3 ,"140,499 ",16.5 ,
,2,"409,388 ",6.0 ,-,-,"393,426 ",8.2 ,"1,192,250 ",9.2 ,"262,891 ",8.7 ,"35,211 ",7.6 ,"91,160 ",7.0 ,"4,164 ","668,675 ",9.1 ,"130,149 ",12.9 ,"649,175 ",12.4 ,"133,687 ",4.4 ,
,3,"436,152 ",2.9 ,-,-,"381,761 ",5.1 ,"1,262,289 ",5.9 ,"252,886 ",3.2 ,"36,957 ",7.7 ,"90,104 ",7.4 ,"1,814 ","737,122 ",5.8 ,"143,406 ",8.9 ,"675,146 ",8.2 ,"150,991 ",4.8 ,
,4,"443,186 ",-3.4 ,-,-,"376,261 ",-7.9 ,"1,228,968 ",-1.8 ,"256,035 ",-5.6 ,"37,981 ",7.1 ,"78,574 ",-16.0 ,"3,671 ","718,996 ",1.8 ,"133,711 ",-1.6 ,"645,560 ",-0.5 ,"140,222 ",-2.2 ,
2009,1,"389,033 ",-7.1 ,-,-,"344,656 ",-9.9 ,"969,318 ",-15.9 ,"236,759 ",-7.0 ,"39,743 ",5.0 ,"75,444 ",-17.1 ,"-7,290 ","503,869 ",-20.4 ,"120,793 ",-11.9 ,"477,146 ",-19.6 ,"103,139 ",-26.6 ,
,2,"396,706 ",-3.1 ,-,-,"368,270 ",-6.4 ,"1,083,043 ",-9.2 ,"257,687 ",-2.0 ,"36,168 ",2.7 ,"80,232 ",-12.0 ,"-5,817 ","605,033 ",-9.5 ,"109,740 ",-15.7 ,"576,654 ",-11.2 ,"109,683 ",-18.0 ,
,3,"421,283 ",-3.4 ,-,-,"398,065 ",4.3 ,"1,171,849 ",-7.2 ,"249,977 ",-1.2 ,"37,870 ",2.5 ,"95,285 ",5.8 ,"14,933 ","643,891 ",-12.6 ,"129,893 ",-9.4 ,"622,677 ",-7.8 ,"127,889 ",-15.3 ,
,4,"452,223 ",2.0 ,-,-,"417,629 ",11.0 ,"1,260,107 ",2.5 ,"269,192 ",5.1 ,"38,731 ",2.0 ,"88,591 ",12.7 ,"21,115 ","701,601 ",-2.4 ,"140,877 ",5.4 ,"674,909 ",4.5 ,"132,975 ",-5.2 ,
2010,1,"422,783 ",8.7 ,-,-,"409,504 ",18.8 ,"1,186,246 ",22.4 ,"256,880 ",8.5 ,"41,020 ",3.2 ,"86,372 ",14.5 ,"25,232 ","626,824 ",24.4 ,"149,918 ",24.1 ,"639,669 ",34.1 ,"123,794 ",20.0 ,
,2,"412,768 ",4.0 ,-,-,"414,654 ",12.6 ,"1,308,722 ",20.8 ,"269,385 ",4.5 ,"37,460 ",3.6 ,"98,195 ",22.4 ,"9,614 ","750,086 ",24.0 ,"143,982 ",31.2 ,"765,513 ",32.8 ,"130,441 ",18.9 ,
,3,"456,830 ",8.4 ,-,-,"398,448 ",0.1 ,"1,395,989 ",19.1 ,"265,554 ",6.2 ,"39,302 ",3.8 ,"99,098 ",4.0 ,"-5,506 ","832,549 ",29.3 ,"164,992 ",27.0 ,"794,680 ",27.6 ,"144,479 ",13.0 ,
,4,"483,951 ",7.0 ,-,-,"449,373 ",7.6 ,"1,428,233 ",13.3 ,"298,415 ",10.9 ,"39,589 ",2.2 ,"103,187 ",16.5 ,"8,182 ","812,033 ",15.7 ,"166,827 ",18.4 ,"796,066 ",18.0 ,"148,216 ",11.5 ,
2011,1,"463,467 ",9.6 ,-,-,"437,385 ",6.8 ,"1,399,728 ",18.0 ,"285,184 ",11.0 ,"42,963 ",4.7 ,"101,049 ",17.0 ,"8,189 ","791,746 ",26.3 ,"170,597 ",13.8 ,"799,137 ",24.9 ,"137,124 ",10.8 ,
,2,"456,607 ",10.6 ,-,-,"469,096 ",13.1 ,"1,451,677 ",10.9 ,"309,181 ",14.8 ,"40,052 ",6.9 ,"113,540 ",15.6 ,"6,323 ","816,099 ",8.8 ,"166,482 ",15.6 ,"857,850 ",12.1 ,"137,220 ",5.2 ,
,3,"495,500 ",8.5 ,-,-,"461,685 ",15.9 ,"1,540,081 ",10.3 ,"303,228 ",14.2 ,"42,293 ",7.6 ,"119,508 ",20.6 ,"-3,344 ","892,222 ",7.2 ,"186,174 ",12.8 ,"893,570 ",12.4 ,"151,011 ",4.5 ,
,4,"518,856 ",7.2 ,-,-,"491,786 ",9.4 ,"1,585,947 ",11.0 ,"326,809 ",9.5 ,"43,209 ",9.1 ,"121,197 ",17.5 ,571 ,"906,698 ",11.7 ,"187,463 ",12.4 ,"914,411 ",14.9 ,"152,680 ",3.0 ,
2012,1,"483,654 ",4.4 ,-,-,"481,936 ",10.2 ,"1,481,387 ",5.8 ,"316,781 ",11.1 ,"47,045 ",9.5 ,"115,949 ",14.7 ,"2,161 ","809,754 ",2.3 ,"189,697 ",11.2 ,"852,644 ",6.7 ,"145,089 ",5.8 ,
,2,"473,958 ",3.8 ,-,-,"498,548 ",6.3 ,"1,555,522 ",7.2 ,"330,800 ",7.0 ,"44,123 ",10.2 ,"123,848 ",9.1 ,-223 ,"874,976 ",7.2 ,"181,998 ",9.3 ,"942,864 ",9.9 ,"138,700 ",1.1 ,
,3,"523,740 ",5.7 ,-,-,"495,253 ",7.3 ,"1,649,845 ",7.1 ,"319,539 ",5.4 ,"46,776 ",10.6 ,"134,980 ",12.9 ,"-6,042 ","962,492 ",7.9 ,"192,100 ",3.2 ,"974,629 ",9.1 ,"151,476 ",0.3 ,
,4,"555,707 ",7.1 ,-,-,"538,291 ",9.5 ,"1,724,257 ",8.7 ,"347,849 ",6.4 ,"47,366 ",9.6 ,"142,634 ",17.7 ,442 ,"985,735 ",8.7 ,"200,231 ",6.8 ,"1,009,549 ",10.4 ,"159,001 ",4.1 ,
2013,1,"509,631 ",5.4 ,-,-,"521,642 ",8.2 ,"1,607,094 ",8.5 ,"346,125 ",9.3 ,"51,011 ",8.4 ,"118,202 ",1.9 ,"6,304 ","885,141 ",9.3 ,"200,311 ",5.6 ,"955,466 ",12.1 ,"141,997 ",-2.1 ,
,2,"492,375 ",3.9 ,-,-,"524,310 ",5.2 ,"1,660,782 ",6.8 ,"355,278 ",7.4 ,"47,609 ",7.9 ,"129,185 ",4.3 ,"-7,762 ","940,918 ",7.5 ,"195,554 ",7.4 ,"1,034,004 ",9.7 ,"134,403 ",-3.1 ,
,3,"551,059 ",5.2 ,-,-,"515,088 ",4.0 ,"1,757,658 ",6.5 ,"339,440 ",6.2 ,"49,664 ",6.2 ,"126,985 ",-5.9 ,"-1,001 ","1,037,640 ",7.8 ,"204,930 ",6.7 ,"1,059,298 ",8.7 ,"147,301 ",-2.8 ,
,4,"585,240 ",5.3 ,-,-,"564,433 ",4.9 ,"1,838,638 ",6.6 ,"372,215 ",7.0 ,"50,288 ",6.2 ,"141,144 ",-1.0 ,786 ,"1,062,360 ",7.8 ,"211,845 ",5.8 ,"1,093,883 ",8.4 ,"159,515 ",0.3 ,
2014,1,"535,907 ",5.2 ,-,-,"541,787 ",3.9 ,"1,646,863 ",2.5 ,"362,196 ",4.6 ,"54,332 ",6.5 ,"119,571 ",1.2 ,"5,688 ","891,867 ",0.8 ,"213,209 ",6.4 ,"975,252 ",2.1 ,"135,704 ",-4.4 ,
,2,"526,194 ",6.9 ,-,-,"559,384 ",6.7 ,"1,716,238 ",3.3 ,"375,516 ",5.7 ,"51,354 ",7.9 ,"126,517 ",-2.1 ,"5,997 ","964,535 ",2.5 ,"192,319 ",-1.7 ,"1,052,850 ",1.8 ,"137,194 ",2.1 ,
,3,"580,793 ",5.4 ,-,-,"546,484 ",6.1 ,"1,816,032 ",3.3 ,"367,181 ",8.2 ,"53,890 ",8.5 ,"129,919 ",2.3 ,"-4,506 ","1,058,095 ",2.0 ,"211,453 ",3.2 ,"1,086,679 ",2.6 ,"148,560 ",0.9 ,
,4,"617,111 ",5.4 ,-,-,"607,718 ",7.7 ,"1,892,094 ",2.9 ,"397,875 ",6.9 ,"54,640 ",8.7 ,"154,909 ",9.8 ,294 ,"1,072,272 ",0.9 ,"212,104 ",0.1 ,"1,122,919 ",2.7 ,"152,064 ",-4.7 ,
2015,1,"572,160 ",6.8 ,-,-,"571,243 ",5.4 ,"1,688,424 ",2.5 ,"387,482 ",7.0 ,"59,157 ",8.9 ,"130,845 ",9.4 ,"-6,241 ","904,070 ",1.4 ,"213,111 ",§ ,"978,535 ",0.3 ,"137,729 ",1.5 ,
,2,"565,750 ",7.5 ,-,-,"590,086 ",5.5 ,"1,712,894 ",-0.2 ,"406,647 ",8.3 ,"55,532 ",8.1 ,"136,291 ",7.7 ,"-8,384 ","929,538 ",-3.6 ,"193,270 ",0.5 ,"1,008,874 ",-4.2 ,"138,270 ",0.8 ,
,3,"614,251 ",5.8 ,-,-,"563,386 ",3.1 ,"1,780,921 ",-1.9 ,"385,960 ",5.1 ,"57,877 ",7.4 ,"127,138 ",-2.1 ,"-7,589 ","1,013,576 ",-4.2 ,"203,959 ",-3.5 ,"1,019,768 ",-6.2 ,"146,902 ",-1.1 ,
,4,"646,119 ",4.7 ,-,-,"616,264 ",1.4 ,"1,856,913 ",-1.9 ,"413,002 ",3.8 ,"58,697 ",7.4 ,"142,931 ",-7.7 ,"1,634 ","1,042,041 ",-2.8 ,"198,608 ",-6.4 ,"1,059,350 ",-5.7 ,"151,444 ",-0.4 ,
2016,1,"590,572 ",3.2 ,-,-,"578,397 ",1.3 ,"1,618,442 ",-4.1 ,"397,815 ",2.7 ,"63,266 ",6.9 ,"120,038 ",-8.3 ,"-2,722 ","846,802 ",-6.3 ,"193,243 ",-9.3 ,"888,896 ",-9.2 ,"138,974 ",0.9 ,
,2,"585,155 ",3.4 ,-,-,"601,425 ",1.9 ,"1,706,235 ",-0.4 ,"412,777 ",1.5 ,"59,731 ",7.6 ,"127,079 ",-6.8 ,"1,838 ","928,231 ",-0.1 ,"176,579 ",-8.6 ,"984,529 ",-2.4 ,"136,551 ",-1.2 ,
,3,"636,400 ",3.6 ,-,-,"599,657 ",6.4 ,"1,817,976 ",2.1 ,"402,062 ",4.2 ,"62,184 ",7.4 ,"135,306 ",6.4 ,105 ,"1,023,161 ",0.9 ,"195,158 ",-4.3 ,"1,033,113 ",1.3 ,"148,463 ",1.1 ,
,4,"678,471 ",5.0 ,-,-,"654,258 ",6.2 ,"1,948,630 ",4.9 ,"437,447 ",5.9 ,"62,792 ",7.0 ,"152,793 ",6.9 ,"1,226 ","1,094,692 ",5.1 ,"199,680 ",0.5 ,"1,116,041 ",5.4 ,"154,118 ",1.8 ,
2017,1,"631,450 ",6.9 ,-,-,"624,440 ",8.0 ,"1,772,694 ",9.5 ,"420,146 ",5.6 ,"67,340 ",6.4 ,"133,228 ",11.0 ,"3,726 ","945,336 ",11.6 ,"202,918 ",5.0 ,"999,932 ",12.5 ,"141,312 ",1.7 ,
,2,"628,300 ",7.4 ,-,-,"653,738 ",8.7 ,"1,834,043 ",7.5 ,"446,021 ",8.1 ,"62,860 ",5.2 ,"143,566 ",13.0 ,"1,291 ","995,555 ",7.3 ,"184,750 ",4.6 ,"1,061,481 ",7.8 ,"144,262 ",5.6 ,
,3,"679,453 ",6.8 ,-,-,"642,627 ",7.2 ,"1,957,081 ",7.7 ,"439,590 ",9.3 ,"65,530 ",5.4 ,"137,264 ",1.4 ,243 ,"1,106,850 ",8.2 ,"207,604 ",6.4 ,"1,121,315 ",8.5 ,"156,313 ",5.3 ,
,4,"720,408 ",6.2 ,-,-,"711,967 ",8.8 ,"2,093,023 ",7.4 ,"478,618 ",9.4 ,"65,717 ",4.7 ,"161,919 ",6.0 ,"5,713 ","1,165,033 ",6.4 ,"216,023 ",8.2 ,"1,208,578 ",8.3 ,"164,037 ",6.4 ,
2018,1,"684,576 ",8.4 ,-,-,"687,148 ",10.0 ,"1,934,928 ",9.2 ,"474,445 ",12.9 ,"71,513 ",6.2 ,"144,092 ",8.2 ,"-2,902 ","1,018,775 ",7.8 ,"229,005 ",12.9 ,"1,093,412 ",9.3 ,"156,940 ",11.1 ,
,2,"673,782 ",7.2 ,-,-,"710,418 ",8.7 ,"1,982,237 ",8.1 ,"488,035 ",9.4 ,"67,638 ",7.6 ,"152,288 ",6.1 ,"2,457 ","1,066,721 ",7.1 ,"205,098 ",11.0 ,"1,155,683 ",8.9 ,"152,772 ",5.9 ,
,3,"723,381 ",6.5 ,-,-,"713,967 ",11.1 ,"2,122,188 ",8.4 ,"472,158 ",7.4 ,"70,405 ",7.4 ,"157,276 ",14.6 ,"14,128 ","1,184,740 ",7.0 ,"223,481 ",7.6 ,"1,236,029 ",10.2 ,"162,778 ",4.1 ,
,4,"753,690 ",4.6 ,-,-,"729,957 ",2.5 ,"2,142,370 ",2.4 ,"501,789 ",4.8 ,"71,864 ",9.4 ,"158,783 ",-1.9 ,"-2,479 ","1,183,114 ",1.6 ,"229,299 ",6.1 ,"1,221,223 ",1.0 ,"167,457 ",2.1 ,
2019,1,"702,601 ",2.6 ,-,-,"692,984 ",0.8 ,"1,913,246 ",-1.1 ,"488,122 ",2.9 ,"77,837 ",8.8 ,"132,601 ",-8.0 ,"-5,576 ","988,797 ",-2.9 ,"231,465 ",1.1 ,"1,054,076 ",-3.6 ,"156,569 ",-0.2 ,
,2,"688,922 ",2.2 ,-,-,"712,625 ",0.3 ,"1,930,746 ",-2.6 ,"509,272 ",4.4 ,"73,368 ",8.5 ,"131,709 ",-13.5 ,"-1,724 ","1,014,523 ",-4.9 ,"203,598 ",-0.7 ,"1,085,052 ",-6.1 ,"156,772 ",2.6 ,
,3,"714,029 ",-1.3 ,-,-,"679,230 ",-4.9 ,"1,975,137 ",-6.9 ,"472,333 ",§ ,"78,467 ",11.5 ,"129,430 ",-17.7 ,"-1,000 ","1,104,724 ",-6.8 ,"191,183 ",-14.5 ,"1,102,741 ",-10.8 ,"158,367 ",-2.7 ,
,4,"739,470 ",-1.9 ,-,-,"715,826 ",-1.9 ,"2,035,755 ",-5.0 ,"503,993 ",0.4 ,"79,765 ",11.0 ,"126,835 ",-20.1 ,"5,233 ","1,147,054 ",-3.0 ,"172,875 ",-24.6 ,"1,133,750 ",-7.2 ,"162,535 ",-2.9 ,
2020,1,"654,083 ",-6.9 ,-,-,"669,443 ",-3.4 ,"1,704,499 ",-10.9 ,"445,497 ",-8.7 ,"89,466 ",14.9 ,"114,350 ",-13.8 ,"20,130 ","882,367 ",-10.8 ,"152,689 ",-34.0 ,"930,962 ",-11.7 ,"119,454 ",-23.7 ,
,2,"627,597 ",-8.9 ,-,-,"624,350 ",-12.4 ,"1,713,951 ",-11.2 ,"438,634 ",-13.9 ,"82,075 ",11.9 ,"101,708 ",-22.8 ,"1,933 ","979,709 ",-3.4 ,"109,892 ",-46.0 ,"998,577 ",-8.0 ,"87,777 ",-44.0 ,
,3,"687,240 ",-3.8 ,-,-,"631,158 ",-7.1 ,"1,896,108 ",-4.0 ,"428,992 ",-9.2 ,"84,731 ",8.0 ,"112,569 ",-13.0 ,"4,866 ","1,137,184 ",2.9 ,"127,766 ",-33.2 ,"1,105,307 ",0.2 ,"103,561 ",-34.6 ,
,4,"706,873 ",-4.4 ,-,-,"699,219 ",-2.3 ,"2,027,155 ",-0.4 ,"462,079 ",-8.3 ,"84,780 ",6.3 ,"127,068 ",0.2 ,"25,292 ","1,199,078 ",4.5 ,"128,858 ",-25.5 ,"1,204,817 ",6.3 ,"115,465 ",-29.0 ,
2021,1r,"705,043 ",7.8 ,-,-,"655,982 ",-2.0 ,"1,977,514 ",16.0 ,"448,927 ",0.8 ,"96,629 ",8.0 ,"113,820 ",-0.5 ,"-3,394 ","1,166,987 ",32.3 ,"154,545 ",1.2 ,"1,160,040 ",24.6 ,"112,431 ",-5.9 ,
,2r,"678,824 ",8.2 ,-,-,"682,833 ",9.4 ,"2,054,632 ",19.9 ,"468,421 ",6.8 ,"85,539 ",4.2 ,"119,159 ",17.2 ,"9,714 ","1,237,793 ",26.3 ,"134,006 ",21.9 ,"1,266,574 ",26.8 ,"109,234 ",24.4 ,
,3r,"730,449 ",6.3 ,-,-,"686,841 ",8.8 ,"2,212,226 ",16.7 ,"455,592 ",6.2 ,"90,983 ",7.4 ,"123,362 ",9.6 ,"16,904 ","1,362,923 ",19.9 ,"162,462 ",27.2 ,"1,359,026 ",23.0 ,"122,751 ",18.5 ,
,4r,"753,424 ",6.6 ,-,-,"682,371 ",-2.4 ,"2,314,729 ",14.2 ,"490,454 ",6.1 ,"90,379 ",6.6 ,"126,671 ",-0.3 ,"-25,133 ","1,468,302 ",22.5 ,"164,056 ",27.3 ,"1,425,694 ",18.3 ,"135,611 ",17.4 ,
2022,1r,"686,467 ",-2.6 ,-,-,"620,553 ",-5.4 ,"2,007,979 ",1.5 ,"424,889 ",-5.4 ,"104,105 ",7.7 ,"107,303 ",-5.7 ,"-15,744 ","1,219,055 ",4.5 ,"168,371 ",8.9 ,"1,202,685 ",3.7 ,"118,827 ",5.7 ,
,2r,"677,189 ",-0.2 ,-,-,"717,103 ",5.0 ,"2,083,334 ",1.4 ,"476,726 ",1.8 ,"100,044 ",17.0 ,"123,092 ",3.3 ,"17,241 ","1,212,487 ",-2.0 ,"153,744 ",14.7 ,"1,290,225 ",1.9 ,"115,920 ",6.1 ,
,3r,"724,412 ",-0.8 ,-,-,"666,352 ",-3.0 ,"2,057,983 ",-7.0 ,"466,510 ",2.4 ,"98,963 ",8.8 ,"108,499 ",-12.0 ,"-7,620 ","1,228,546 ",-9.9 ,"163,085 ",0.4 ,"1,213,254 ",-10.7 ,"120,317 ",-2.0 ,
,4r,"738,941 ",-1.9 ,-,-,"706,781 ",3.6 ,"2,030,119 ",-12.3 ,"514,282 ",4.9 ,"101,182 ",12.0 ,"113,877 ",-10.1 ,"-22,560 ","1,153,962 ",-21.4 ,"169,376 ",3.2 ,"1,153,108 ",-19.1 ,"138,070 ",1.8 ,
,,,,,,,,,,,,,,,,,,,,,,,,,
Notes :,[1],Gross Domestic Product = private consumption expenditure + government consumption expenditure + gross domestic fixed capital formation + changes in inventories + exports of goods and services - imports of goods and services,,,,,,,,,,,,,,,,,,,,,,,
,[2],Domestic demand = private consumption expenditure + government consumption expenditure + gross domestic fixed capital formation + changes in inventories,,,,,,,,,,,,,,,,,,,,,,,
,[3],Final demand  = domestic demand + exports of goods and services,,,,,,,,,,,,,,,,,,,,,,,
,*,Figures are compiled based on the change of ownership principle in recording goods sent abroad for processing and merchanting under the standards stipulated in the System of National Accounts 2008.,,,,,,,,,,,,,,,,,,,,,,,
,-,Not applicable,,,,,,,,,,,,,,,,,,,,,,,
,§ ,Increase or decrease of less than 0.05%,,,,,,,,,,,,,,,,,,,,,,,
,r,Revised figures,,,,,,,,,,,,,,,,,,,,,,,
,"In Hong Kong, the first released figures on GDP by expenditure component in respect of a period are called “advance estimates”.  When more data become available, the figures will be revised.  All those figures published subsequently, after the advance estimates, are called “revised figures”.  These “revised figures” are still subject to further regular revision later on when more data are incorporated.  This routine revision is in accordance with the ",,,,,,,,,,,,,,,,,,,,,,,,
,"international practice to compile and release GDP figures at the earliest possible time by using only partial data.  In general, the figures are finalised when finalised data from all regular sources are incorporated.",,,,,,,,,,,,,,,,,,,,,,,,
,,,,,,,,,,,,,,,,,,,,,,,,,
Source :,"National Income Section (1)1,",,,,,,,,,,,,,,,,,,,,,,,,
,Census and Statistics Department,,,,,,,,,,,,,,,,,,,,,,,,
,(Enquiry telephone no. : 2582 5077,,,,,,,,,,,,,,,,,,,,,,,,
,Enquiry e-mail : gdp-e@censtatd.gov.hk),,,,,,,,,,,,,,,,,,,,,,,,
,,,,,,,,,,,,,,,,,,,,,,,,,
"Last revision date: 22 February, 2023",,,,,,,,,,,,,,,,,,,,,,,,,
,,,,,,,,,,,,,,,,,,,,,,,,,
,,,,,,,,,,,,,,,,,,,,,,,,,
,,,,,,,,,,,,,,,,,,,,,,,,,
,,,,,,,,,,,,,,,,,,,,,,,,,
,,,,,,,,,,,,,,,,,,,,,,,,,
,,,,,,,,,,,,,,,,,,,,,,,,,
,,,,,,,,,,,,,,,,,,,,,,,,,
